{
    "rew": -3.0,
    "win": 0.0,
    "draw": 0.0,
    "lose": 1.0,
    "replaced_rate": 0.3102376193648679,
    "rew_11_vs_11_level_0": -4.0,
    "win_11_vs_11_level_0": 0.0,
    "draw_11_vs_11_level_0": 0.0,
    "lose_11_vs_11_level_0": 1.0,
    "replaced_rate_11_vs_11_level_0": 0.26582278481012656,
    "rew_11_vs_11_level_1": -3.0,
    "win_11_vs_11_level_1": 0.0,
    "draw_11_vs_11_level_1": 0.0,
    "lose_11_vs_11_level_1": 1.0,
    "replaced_rate_11_vs_11_level_1": 0.30046635576282477,
    "rew_11_vs_11_level_2": -2.0,
    "win_11_vs_11_level_2": 0.0,
    "draw_11_vs_11_level_2": 0.0,
    "lose_11_vs_11_level_2": 1.0,
    "replaced_rate_11_vs_11_level_2": 0.36442371752165226
}